Condition,"75% Threshold, No CI","80% Threshold, No CI","75% Threshold, Lwr 95% CI","80% Threshold, Lwr 95% CI"
"Linear, Raw",0.6363636363636364,0.45454545454545453,0.45454545454545453,0.2727272727272727
"Linear, Optimal",0.6666666666666666,0.5,0.5,0.3333333333333333
"2nd Order, Raw",0.2,0.2,0.2,0.4
"2nd Order, Optimal",0.5,0.5,0.5,0.6666666666666666
Linear,0.6521739130434783,0.4782608695652174,0.4782608695652174,0.30434782608695654
2nd Order,0.36363636363636365,0.36363636363636365,0.36363636363636365,0.5454545454545454
Raw,0.5,0.375,0.375,0.3125
Optimal,0.6111111111111112,0.5,0.5,0.4444444444444444
